plot_name,n_quadrats,richness,sd
SavMon_LW_Plot_01,1,3.05,1.53
SavMon_LW_Plot_01,2,5.45,1.95
SavMon_LW_Plot_01,3,7.35,1.99
SavMon_LW_Plot_01,4,9.16,1.89
SavMon_LW_Plot_01,5,10.56,2.1
SavMon_LW_Plot_01,6,11.76,2.27
SavMon_LW_Plot_01,7,13.21,2.46
SavMon_LW_Plot_01,8,14.42,2.35
SavMon_LW_Plot_01,9,15.4,2.37
SavMon_LW_Plot_01,10,16.39,2.35
SavMon_LW_Plot_01,11,17.24,2.25
SavMon_LW_Plot_01,12,18.11,2.19
SavMon_LW_Plot_01,13,19.05,2.13
SavMon_LW_Plot_01,14,19.96,1.83
SavMon_LW_Plot_01,15,20.65,1.77
SavMon_LW_Plot_01,16,21.51,1.59
SavMon_LW_Plot_01,17,22.3,1.34
SavMon_LW_Plot_01,18,22.82,1.08
SavMon_LW_Plot_01,19,23.49,0.75
SavMon_LW_Plot_01,20,24,0
SavMon_LW_Plot_02,1,1.22,0.75
SavMon_LW_Plot_02,2,2.3,0.85
SavMon_LW_Plot_02,3,3.44,0.94
SavMon_LW_Plot_02,4,4.45,1.21
SavMon_LW_Plot_02,5,5.4,1.4
SavMon_LW_Plot_02,6,6.15,1.61
SavMon_LW_Plot_02,7,6.87,1.55
SavMon_LW_Plot_02,8,7.51,1.57
SavMon_LW_Plot_02,9,8.12,1.54
SavMon_LW_Plot_02,10,8.65,1.52
SavMon_LW_Plot_02,11,9.11,1.4
SavMon_LW_Plot_02,12,9.59,1.39
SavMon_LW_Plot_02,13,10.04,1.26
SavMon_LW_Plot_02,14,10.41,1.11
SavMon_LW_Plot_02,15,10.73,0.97
SavMon_LW_Plot_02,16,11,0.99
SavMon_LW_Plot_02,17,11.31,0.88
SavMon_LW_Plot_02,18,11.59,0.7
SavMon_LW_Plot_02,19,11.86,0.43
SavMon_LW_Plot_02,20,12,0
SavMon_LW_Plot_03,1,0.79,0.71
SavMon_LW_Plot_03,2,1.53,1.02
SavMon_LW_Plot_03,3,2.03,1.1
SavMon_LW_Plot_03,4,2.51,1.22
SavMon_LW_Plot_03,5,2.88,1.26
SavMon_LW_Plot_03,6,3.32,1.38
SavMon_LW_Plot_03,7,3.63,1.36
SavMon_LW_Plot_03,8,3.94,1.32
SavMon_LW_Plot_03,9,4.23,1.31
SavMon_LW_Plot_03,10,4.59,1.27
SavMon_LW_Plot_03,11,4.93,1.18
SavMon_LW_Plot_03,12,5.18,1.1
SavMon_LW_Plot_03,13,5.41,1.01
SavMon_LW_Plot_03,14,5.65,0.97
SavMon_LW_Plot_03,15,5.93,0.92
SavMon_LW_Plot_03,16,6.09,0.82
SavMon_LW_Plot_03,17,6.3,0.76
SavMon_LW_Plot_03,18,6.48,0.64
SavMon_LW_Plot_03,19,6.74,0.44
SavMon_LW_Plot_03,20,7,0
SavMon_LW_Plot_04,1,1.4,0.77
SavMon_LW_Plot_04,2,2.48,0.87
SavMon_LW_Plot_04,3,3.22,0.89
SavMon_LW_Plot_04,4,3.96,1
SavMon_LW_Plot_04,5,4.46,1.01
SavMon_LW_Plot_04,6,4.88,1.14
SavMon_LW_Plot_04,7,5.32,1.11
SavMon_LW_Plot_04,8,5.68,1.03
SavMon_LW_Plot_04,9,6.06,0.93
SavMon_LW_Plot_04,10,6.33,0.87
SavMon_LW_Plot_04,11,6.61,0.82
SavMon_LW_Plot_04,12,6.76,0.82
SavMon_LW_Plot_04,13,7.01,0.72
SavMon_LW_Plot_04,14,7.23,0.74
SavMon_LW_Plot_04,15,7.41,0.64
SavMon_LW_Plot_04,16,7.58,0.55
SavMon_LW_Plot_04,17,7.66,0.52
SavMon_LW_Plot_04,18,7.79,0.43
SavMon_LW_Plot_04,19,7.9,0.3
SavMon_LW_Plot_04,20,8,0
SavMon_LW_Plot_05,1,1.35,1.06
SavMon_LW_Plot_05,2,2.38,1.32
SavMon_LW_Plot_05,3,3.38,1.38
SavMon_LW_Plot_05,4,4.29,1.44
SavMon_LW_Plot_05,5,5,1.34
SavMon_LW_Plot_05,6,5.82,1.37
SavMon_LW_Plot_05,7,6.54,1.35
SavMon_LW_Plot_05,8,7.02,1.37
SavMon_LW_Plot_05,9,7.56,1.44
SavMon_LW_Plot_05,10,8.12,1.41
SavMon_LW_Plot_05,11,8.63,1.28
SavMon_LW_Plot_05,12,9.22,1.22
SavMon_LW_Plot_05,13,9.67,1.2
SavMon_LW_Plot_05,14,10.13,1.16
SavMon_LW_Plot_05,15,10.72,1.02
SavMon_LW_Plot_05,16,11.19,0.93
SavMon_LW_Plot_05,17,11.67,0.75
SavMon_LW_Plot_05,18,12.12,0.67
SavMon_LW_Plot_05,19,12.63,0.49
SavMon_LW_Plot_05,20,13,0
SavMon_LW_Plot_06,1,2.35,1.18
SavMon_LW_Plot_06,2,4.25,1.36
SavMon_LW_Plot_06,3,5.5,1.45
SavMon_LW_Plot_06,4,6.46,1.45
SavMon_LW_Plot_06,5,7.32,1.54
SavMon_LW_Plot_06,6,8.05,1.57
SavMon_LW_Plot_06,7,8.62,1.59
SavMon_LW_Plot_06,8,9.12,1.6
SavMon_LW_Plot_06,9,9.66,1.54
SavMon_LW_Plot_06,10,10.2,1.46
SavMon_LW_Plot_06,11,10.79,1.65
SavMon_LW_Plot_06,12,11.17,1.55
SavMon_LW_Plot_06,13,11.57,1.45
SavMon_LW_Plot_06,14,12.07,1.3
SavMon_LW_Plot_06,15,12.47,1.2
SavMon_LW_Plot_06,16,12.8,1.05
SavMon_LW_Plot_06,17,13.16,0.87
SavMon_LW_Plot_06,18,13.38,0.8
SavMon_LW_Plot_06,19,13.66,0.59
SavMon_LW_Plot_06,20,14,0
SavMon_LW_Plot_07,1,2.04,0.89
SavMon_LW_Plot_07,2,3.1,1
SavMon_LW_Plot_07,3,3.78,1.25
SavMon_LW_Plot_07,4,4.17,1.25
SavMon_LW_Plot_07,5,4.68,1.19
SavMon_LW_Plot_07,6,5.08,1.08
SavMon_LW_Plot_07,7,5.51,1.09
SavMon_LW_Plot_07,8,5.87,1.02
SavMon_LW_Plot_07,9,6.16,1.01
SavMon_LW_Plot_07,10,6.45,0.94
SavMon_LW_Plot_07,11,6.79,0.89
SavMon_LW_Plot_07,12,7.08,0.8
SavMon_LW_Plot_07,13,7.23,0.75
SavMon_LW_Plot_07,14,7.43,0.69
SavMon_LW_Plot_07,15,7.63,0.56
SavMon_LW_Plot_07,16,7.74,0.46
SavMon_LW_Plot_07,17,7.8,0.43
SavMon_LW_Plot_07,18,7.89,0.31
SavMon_LW_Plot_07,19,7.93,0.26
SavMon_LW_Plot_07,20,8,0
SavMon_LW_Plot_08,1,3.42,1.5
SavMon_LW_Plot_08,2,5.03,1.57
SavMon_LW_Plot_08,3,6.08,1.73
SavMon_LW_Plot_08,4,6.96,1.75
SavMon_LW_Plot_08,5,7.73,1.75
SavMon_LW_Plot_08,6,8.59,1.69
SavMon_LW_Plot_08,7,9.41,1.74
SavMon_LW_Plot_08,8,10.15,1.77
SavMon_LW_Plot_08,9,10.78,1.52
SavMon_LW_Plot_08,10,11.44,1.47
SavMon_LW_Plot_08,11,12.08,1.59
SavMon_LW_Plot_08,12,12.66,1.53
SavMon_LW_Plot_08,13,13.29,1.51
SavMon_LW_Plot_08,14,13.65,1.37
SavMon_LW_Plot_08,15,14.04,1.23
SavMon_LW_Plot_08,16,14.6,1.03
SavMon_LW_Plot_08,17,15.01,0.83
SavMon_LW_Plot_08,18,15.38,0.74
SavMon_LW_Plot_08,19,15.74,0.46
SavMon_LW_Plot_08,20,16,0
SavMon_LW_Plot_09,1,3.56,1.58
SavMon_LW_Plot_09,2,6.08,1.73
SavMon_LW_Plot_09,3,7.9,1.62
SavMon_LW_Plot_09,4,9.27,1.68
SavMon_LW_Plot_09,5,10.54,1.56
SavMon_LW_Plot_09,6,11.4,1.65
SavMon_LW_Plot_09,7,12.28,1.58
SavMon_LW_Plot_09,8,12.98,1.56
SavMon_LW_Plot_09,9,13.61,1.6
SavMon_LW_Plot_09,10,14.09,1.55
SavMon_LW_Plot_09,11,14.7,1.49
SavMon_LW_Plot_09,12,15.26,1.43
SavMon_LW_Plot_09,13,15.8,1.34
SavMon_LW_Plot_09,14,16.3,1.23
SavMon_LW_Plot_09,15,16.85,1.07
SavMon_LW_Plot_09,16,17.26,1.01
SavMon_LW_Plot_09,17,17.72,0.88
SavMon_LW_Plot_09,18,18.16,0.76
SavMon_LW_Plot_09,19,18.61,0.53
SavMon_LW_Plot_09,20,19,0
SavMon_LW_Plot_10,1,2.38,1.14
SavMon_LW_Plot_10,2,3.89,1.59
SavMon_LW_Plot_10,3,5.09,1.89
SavMon_LW_Plot_10,4,6.08,1.94
SavMon_LW_Plot_10,5,7.04,1.87
SavMon_LW_Plot_10,6,7.9,2.09
SavMon_LW_Plot_10,7,8.88,2.14
SavMon_LW_Plot_10,8,9.76,2.01
SavMon_LW_Plot_10,9,10.49,1.86
SavMon_LW_Plot_10,10,11.32,1.84
SavMon_LW_Plot_10,11,12.03,1.71
SavMon_LW_Plot_10,12,12.65,1.74
SavMon_LW_Plot_10,13,13.48,1.67
SavMon_LW_Plot_10,14,13.98,1.65
SavMon_LW_Plot_10,15,14.48,1.49
SavMon_LW_Plot_10,16,15.07,1.27
SavMon_LW_Plot_10,17,15.53,1.2
SavMon_LW_Plot_10,18,16.12,0.89
SavMon_LW_Plot_10,19,16.57,0.69
SavMon_LW_Plot_10,20,17,0
SavMon_LW_Plot_11,1,2.69,1.1
SavMon_LW_Plot_11,2,5.25,1.5
SavMon_LW_Plot_11,3,7.05,1.88
SavMon_LW_Plot_11,4,8.66,2.03
SavMon_LW_Plot_11,5,10.14,2.06
SavMon_LW_Plot_11,6,11.38,1.99
SavMon_LW_Plot_11,7,12.58,2
SavMon_LW_Plot_11,8,13.57,2
SavMon_LW_Plot_11,9,14.33,1.81
SavMon_LW_Plot_11,10,15.1,1.66
SavMon_LW_Plot_11,11,15.86,1.63
SavMon_LW_Plot_11,12,16.38,1.59
SavMon_LW_Plot_11,13,17.07,1.43
SavMon_LW_Plot_11,14,17.66,1.31
SavMon_LW_Plot_11,15,18.1,1.2
SavMon_LW_Plot_11,16,18.58,1.07
SavMon_LW_Plot_11,17,18.95,1.01
SavMon_LW_Plot_11,18,19.31,0.87
SavMon_LW_Plot_11,19,19.65,0.61
SavMon_LW_Plot_11,20,20,0
SavMon_LW_Plot_12,1,2.93,1.48
SavMon_LW_Plot_12,2,5.23,1.58
SavMon_LW_Plot_12,3,7.35,1.67
SavMon_LW_Plot_12,4,8.97,1.74
SavMon_LW_Plot_12,5,10.42,1.8
SavMon_LW_Plot_12,6,11.85,1.85
SavMon_LW_Plot_12,7,13.15,1.86
SavMon_LW_Plot_12,8,14.26,1.97
SavMon_LW_Plot_12,9,15.12,1.97
SavMon_LW_Plot_12,10,16.1,1.97
SavMon_LW_Plot_12,11,16.93,1.85
SavMon_LW_Plot_12,12,17.76,1.85
SavMon_LW_Plot_12,13,18.47,1.82
SavMon_LW_Plot_12,14,19.17,1.71
SavMon_LW_Plot_12,15,19.8,1.71
SavMon_LW_Plot_12,16,20.6,1.54
SavMon_LW_Plot_12,17,21.32,1.21
SavMon_LW_Plot_12,18,21.86,1.13
SavMon_LW_Plot_12,19,22.4,0.78
SavMon_LW_Plot_12,20,23,0
SavMon_LW_Plot_13,1,1.9,0.75
SavMon_LW_Plot_13,2,3.1,1.02
SavMon_LW_Plot_13,3,3.94,1.01
SavMon_LW_Plot_13,4,4.55,1.06
SavMon_LW_Plot_13,5,5.02,1.08
SavMon_LW_Plot_13,6,5.32,1.04
SavMon_LW_Plot_13,7,5.67,1
SavMon_LW_Plot_13,8,5.86,1
SavMon_LW_Plot_13,9,6.23,0.99
SavMon_LW_Plot_13,10,6.45,0.93
SavMon_LW_Plot_13,11,6.64,0.93
SavMon_LW_Plot_13,12,6.86,0.82
SavMon_LW_Plot_13,13,7.01,0.75
SavMon_LW_Plot_13,14,7.24,0.65
SavMon_LW_Plot_13,15,7.4,0.55
SavMon_LW_Plot_13,16,7.55,0.54
SavMon_LW_Plot_13,17,7.7,0.48
SavMon_LW_Plot_13,18,7.82,0.39
SavMon_LW_Plot_13,19,7.97,0.17
SavMon_LW_Plot_13,20,8,0
SavMon_LW_Plot_14,1,3.28,0.79
SavMon_LW_Plot_14,2,4.38,1.07
SavMon_LW_Plot_14,3,4.94,1.25
SavMon_LW_Plot_14,4,5.4,1.26
SavMon_LW_Plot_14,5,6.05,1.33
SavMon_LW_Plot_14,6,6.5,1.37
SavMon_LW_Plot_14,7,7.12,1.49
SavMon_LW_Plot_14,8,7.58,1.55
SavMon_LW_Plot_14,9,8.04,1.61
SavMon_LW_Plot_14,10,8.51,1.49
SavMon_LW_Plot_14,11,8.93,1.48
SavMon_LW_Plot_14,12,9.39,1.32
SavMon_LW_Plot_14,13,9.91,1.21
SavMon_LW_Plot_14,14,10.31,1.11
SavMon_LW_Plot_14,15,10.69,0.96
SavMon_LW_Plot_14,16,11.02,0.84
SavMon_LW_Plot_14,17,11.34,0.67
SavMon_LW_Plot_14,18,11.54,0.58
SavMon_LW_Plot_14,19,11.77,0.42
SavMon_LW_Plot_14,20,12,0
SavMon_LW_Plot_15,1,1.24,1.02
SavMon_LW_Plot_15,2,2.23,1.33
SavMon_LW_Plot_15,3,3.26,1.66
SavMon_LW_Plot_15,4,4.27,1.72
SavMon_LW_Plot_15,5,5.08,1.82
SavMon_LW_Plot_15,6,5.95,1.87
SavMon_LW_Plot_15,7,6.8,1.93
SavMon_LW_Plot_15,8,7.52,1.88
SavMon_LW_Plot_15,9,8.36,2.02
SavMon_LW_Plot_15,10,9.13,1.99
SavMon_LW_Plot_15,11,9.93,2.03
SavMon_LW_Plot_15,12,10.52,1.93
SavMon_LW_Plot_15,13,11.14,1.84
SavMon_LW_Plot_15,14,11.7,1.76
SavMon_LW_Plot_15,15,12.37,1.68
SavMon_LW_Plot_15,16,13.03,1.43
SavMon_LW_Plot_15,17,13.5,1.18
SavMon_LW_Plot_15,18,14,0.99
SavMon_LW_Plot_15,19,14.49,0.78
SavMon_LW_Plot_15,20,15,0
SavMon_LW_Plot_16,1,3.82,1.15
SavMon_LW_Plot_16,2,6.45,1.1
SavMon_LW_Plot_16,3,7.96,1.05
SavMon_LW_Plot_16,4,9.24,1
SavMon_LW_Plot_16,5,10.22,1.06
SavMon_LW_Plot_16,6,11.05,1.14
SavMon_LW_Plot_16,7,11.91,1.14
SavMon_LW_Plot_16,8,12.53,1.18
SavMon_LW_Plot_16,9,13.02,1.13
SavMon_LW_Plot_16,10,13.49,1.11
SavMon_LW_Plot_16,11,13.99,1.11
SavMon_LW_Plot_16,12,14.47,1.09
SavMon_LW_Plot_16,13,14.9,1.05
SavMon_LW_Plot_16,14,15.21,0.97
SavMon_LW_Plot_16,15,15.5,0.99
SavMon_LW_Plot_16,16,15.92,0.93
SavMon_LW_Plot_16,17,16.23,0.78
SavMon_LW_Plot_16,18,16.52,0.59
SavMon_LW_Plot_16,19,16.84,0.37
SavMon_LW_Plot_16,20,17,0
SavMon_LW_Plot_17,1,1.97,1.31
SavMon_LW_Plot_17,2,3.49,1.42
SavMon_LW_Plot_17,3,4.88,1.3
SavMon_LW_Plot_17,4,5.94,1.29
SavMon_LW_Plot_17,5,6.74,1.14
SavMon_LW_Plot_17,6,7.55,1.22
SavMon_LW_Plot_17,7,8.17,1.26
SavMon_LW_Plot_17,8,8.73,1.35
SavMon_LW_Plot_17,9,9.3,1.37
SavMon_LW_Plot_17,10,9.75,1.31
SavMon_LW_Plot_17,11,10.18,1.28
SavMon_LW_Plot_17,12,10.49,1.37
SavMon_LW_Plot_17,13,10.97,1.28
SavMon_LW_Plot_17,14,11.39,1.2
SavMon_LW_Plot_17,15,11.65,1.13
SavMon_LW_Plot_17,16,11.91,1.06
SavMon_LW_Plot_17,17,12.21,0.89
SavMon_LW_Plot_17,18,12.46,0.81
SavMon_LW_Plot_17,19,12.72,0.62
SavMon_LW_Plot_17,20,13,0
SavMon_LW_Plot_18,1,2.76,1.62
SavMon_LW_Plot_18,2,4.93,1.98
SavMon_LW_Plot_18,3,6.81,1.98
SavMon_LW_Plot_18,4,8.28,1.97
SavMon_LW_Plot_18,5,9.6,2.07
SavMon_LW_Plot_18,6,10.84,2.02
SavMon_LW_Plot_18,7,11.97,1.94
SavMon_LW_Plot_18,8,12.89,1.89
SavMon_LW_Plot_18,9,13.64,2.09
SavMon_LW_Plot_18,10,14.54,2.07
SavMon_LW_Plot_18,11,15.33,2.01
SavMon_LW_Plot_18,12,15.94,1.81
SavMon_LW_Plot_18,13,16.51,1.78
SavMon_LW_Plot_18,14,17.1,1.7
SavMon_LW_Plot_18,15,17.68,1.54
SavMon_LW_Plot_18,16,18.16,1.35
SavMon_LW_Plot_18,17,18.69,1.19
SavMon_LW_Plot_18,18,19.15,0.93
SavMon_LW_Plot_18,19,19.67,0.65
SavMon_LW_Plot_18,20,20,0
SavMon_LW_Plot_19,1,2.44,0.98
SavMon_LW_Plot_19,2,4.06,1.27
SavMon_LW_Plot_19,3,5.62,1.49
SavMon_LW_Plot_19,4,6.84,1.48
SavMon_LW_Plot_19,5,7.84,1.6
SavMon_LW_Plot_19,6,8.71,1.66
SavMon_LW_Plot_19,7,9.42,1.69
SavMon_LW_Plot_19,8,10.05,1.61
SavMon_LW_Plot_19,9,10.74,1.67
SavMon_LW_Plot_19,10,11.29,1.55
SavMon_LW_Plot_19,11,11.87,1.52
SavMon_LW_Plot_19,12,12.39,1.54
SavMon_LW_Plot_19,13,12.96,1.63
SavMon_LW_Plot_19,14,13.52,1.45
SavMon_LW_Plot_19,15,13.9,1.34
SavMon_LW_Plot_19,16,14.39,1.09
SavMon_LW_Plot_19,17,14.8,1.07
SavMon_LW_Plot_19,18,15.29,0.98
SavMon_LW_Plot_19,19,15.68,0.65
SavMon_LW_Plot_19,20,16,0
SavMon_LW_Plot_20,1,1.76,1.09
SavMon_LW_Plot_20,2,3.18,1.4
SavMon_LW_Plot_20,3,4.11,1.63
SavMon_LW_Plot_20,4,5.18,1.79
SavMon_LW_Plot_20,5,6.1,1.63
SavMon_LW_Plot_20,6,6.76,1.59
SavMon_LW_Plot_20,7,7.45,1.49
SavMon_LW_Plot_20,8,7.98,1.39
SavMon_LW_Plot_20,9,8.61,1.29
SavMon_LW_Plot_20,10,9.07,1.12
SavMon_LW_Plot_20,11,9.49,1.01
SavMon_LW_Plot_20,12,9.86,0.98
SavMon_LW_Plot_20,13,10.31,0.9
SavMon_LW_Plot_20,14,10.65,0.82
SavMon_LW_Plot_20,15,10.87,0.76
SavMon_LW_Plot_20,16,11.14,0.7
SavMon_LW_Plot_20,17,11.35,0.64
SavMon_LW_Plot_20,18,11.57,0.54
SavMon_LW_Plot_20,19,11.76,0.43
SavMon_LW_Plot_20,20,12,0
SavMon_LW_Plot_21,1,3.12,1.15
SavMon_LW_Plot_21,2,5.54,1.15
SavMon_LW_Plot_21,3,7.74,1.38
SavMon_LW_Plot_21,4,9.67,1.46
SavMon_LW_Plot_21,5,11.15,1.33
SavMon_LW_Plot_21,6,12.3,1.31
SavMon_LW_Plot_21,7,13.37,1.38
SavMon_LW_Plot_21,8,14.2,1.36
SavMon_LW_Plot_21,9,15,1.25
SavMon_LW_Plot_21,10,15.73,1.14
SavMon_LW_Plot_21,11,16.43,1.23
SavMon_LW_Plot_21,12,17,1.14
SavMon_LW_Plot_21,13,17.47,1.09
SavMon_LW_Plot_21,14,18.07,1.08
SavMon_LW_Plot_21,15,18.63,1.02
SavMon_LW_Plot_21,16,19.07,0.89
SavMon_LW_Plot_21,17,19.58,0.75
SavMon_LW_Plot_21,18,20.09,0.68
SavMon_LW_Plot_21,19,20.6,0.49
SavMon_LW_Plot_21,20,21,0
SavMon_LW_Plot_22,1,2.42,0.92
SavMon_LW_Plot_22,2,4.26,1.19
SavMon_LW_Plot_22,3,5.74,1.28
SavMon_LW_Plot_22,4,6.75,1.26
SavMon_LW_Plot_22,5,7.56,1.2
SavMon_LW_Plot_22,6,8.15,1.12
SavMon_LW_Plot_22,7,8.7,1.12
SavMon_LW_Plot_22,8,9.31,1.05
SavMon_LW_Plot_22,9,9.65,1.04
SavMon_LW_Plot_22,10,9.98,0.94
SavMon_LW_Plot_22,11,10.27,0.85
SavMon_LW_Plot_22,12,10.41,0.88
SavMon_LW_Plot_22,13,10.71,0.83
SavMon_LW_Plot_22,14,10.97,0.74
SavMon_LW_Plot_22,15,11.1,0.7
SavMon_LW_Plot_22,16,11.35,0.63
SavMon_LW_Plot_22,17,11.56,0.56
SavMon_LW_Plot_22,18,11.71,0.48
SavMon_LW_Plot_22,19,11.84,0.37
SavMon_LW_Plot_22,20,12,0
SavMon_LW_Plot_24,1,0.42,0.55
SavMon_LW_Plot_24,2,0.92,0.71
SavMon_LW_Plot_24,3,1.4,0.83
SavMon_LW_Plot_24,4,1.74,0.95
SavMon_LW_Plot_24,5,2.1,0.97
SavMon_LW_Plot_24,6,2.52,1.05
SavMon_LW_Plot_24,7,2.91,1.11
SavMon_LW_Plot_24,8,3.21,1.14
SavMon_LW_Plot_24,9,3.59,1.15
SavMon_LW_Plot_24,10,3.95,1.14
SavMon_LW_Plot_24,11,4.28,1.08
SavMon_LW_Plot_24,12,4.63,1.04
SavMon_LW_Plot_24,13,4.89,1.06
SavMon_LW_Plot_24,14,5.14,1
SavMon_LW_Plot_24,15,5.5,0.9
SavMon_LW_Plot_24,16,5.81,0.85
SavMon_LW_Plot_24,17,6.13,0.71
SavMon_LW_Plot_24,18,6.41,0.57
SavMon_LW_Plot_24,19,6.82,0.39
SavMon_LW_Plot_24,20,7,0
SavMon_LW_Plot_25,1,3.99,1.49
SavMon_LW_Plot_25,2,7.1,1.63
SavMon_LW_Plot_25,3,9.44,1.93
SavMon_LW_Plot_25,4,11.32,1.92
SavMon_LW_Plot_25,5,13.05,1.94
SavMon_LW_Plot_25,6,14.4,1.84
SavMon_LW_Plot_25,7,15.68,1.91
SavMon_LW_Plot_25,8,16.88,1.81
SavMon_LW_Plot_25,9,17.69,1.62
SavMon_LW_Plot_25,10,18.58,1.53
SavMon_LW_Plot_25,11,19.42,1.37
SavMon_LW_Plot_25,12,20.12,1.3
SavMon_LW_Plot_25,13,20.88,1.23
SavMon_LW_Plot_25,14,21.38,1.21
SavMon_LW_Plot_25,15,21.94,1.1
SavMon_LW_Plot_25,16,22.39,0.93
SavMon_LW_Plot_25,17,22.87,0.9
SavMon_LW_Plot_25,18,23.2,0.74
SavMon_LW_Plot_25,19,23.56,0.59
SavMon_LW_Plot_25,20,24,0
SavMon_LW_Plot_26,1,1.81,1.36
SavMon_LW_Plot_26,2,3.5,1.74
SavMon_LW_Plot_26,3,4.75,2.03
SavMon_LW_Plot_26,4,6.04,2.13
SavMon_LW_Plot_26,5,6.94,2.32
SavMon_LW_Plot_26,6,7.69,2.25
SavMon_LW_Plot_26,7,8.4,2.17
SavMon_LW_Plot_26,8,8.97,2
SavMon_LW_Plot_26,9,9.31,1.84
SavMon_LW_Plot_26,10,9.79,1.7
SavMon_LW_Plot_26,11,10.17,1.47
SavMon_LW_Plot_26,12,10.47,1.37
SavMon_LW_Plot_26,13,10.8,1.15
SavMon_LW_Plot_26,14,11.03,1.08
SavMon_LW_Plot_26,15,11.25,0.94
SavMon_LW_Plot_26,16,11.5,0.75
SavMon_LW_Plot_26,17,11.73,0.51
SavMon_LW_Plot_26,18,11.84,0.37
SavMon_LW_Plot_26,19,11.91,0.29
SavMon_LW_Plot_26,20,12,0
SavMon_LW_Plot_27,1,3.23,1.95
SavMon_LW_Plot_27,2,5.77,2.5
SavMon_LW_Plot_27,3,7.9,2.63
SavMon_LW_Plot_27,4,9.18,2.56
SavMon_LW_Plot_27,5,10.36,2.33
SavMon_LW_Plot_27,6,11.11,2.28
SavMon_LW_Plot_27,7,12.01,2.15
SavMon_LW_Plot_27,8,12.56,2.09
SavMon_LW_Plot_27,9,13.2,1.97
SavMon_LW_Plot_27,10,13.76,1.92
SavMon_LW_Plot_27,11,14.11,1.77
SavMon_LW_Plot_27,12,14.56,1.58
SavMon_LW_Plot_27,13,14.9,1.55
SavMon_LW_Plot_27,14,15.24,1.46
SavMon_LW_Plot_27,15,15.51,1.42
SavMon_LW_Plot_27,16,15.89,1.29
SavMon_LW_Plot_27,17,16.21,1.09
SavMon_LW_Plot_27,18,16.5,0.92
SavMon_LW_Plot_27,19,16.83,0.55
SavMon_LW_Plot_27,20,17,0
SavMon_LW_Plot_28,1,1.1,0.94
SavMon_LW_Plot_28,2,1.95,1.35
SavMon_LW_Plot_28,3,2.86,1.36
SavMon_LW_Plot_28,4,3.74,1.32
SavMon_LW_Plot_28,5,4.65,1.3
SavMon_LW_Plot_28,6,5.36,1.31
SavMon_LW_Plot_28,7,6.05,1.42
SavMon_LW_Plot_28,8,6.67,1.4
SavMon_LW_Plot_28,9,7.39,1.36
SavMon_LW_Plot_28,10,7.98,1.32
SavMon_LW_Plot_28,11,8.61,1.25
SavMon_LW_Plot_28,12,9.25,1.14
SavMon_LW_Plot_28,13,9.85,1.03
SavMon_LW_Plot_28,14,10.37,0.96
SavMon_LW_Plot_28,15,10.84,0.94
SavMon_LW_Plot_28,16,11.33,0.89
SavMon_LW_Plot_28,17,11.74,0.77
SavMon_LW_Plot_28,18,12.18,0.64
SavMon_LW_Plot_28,19,12.54,0.5
SavMon_LW_Plot_28,20,13,0
SavMon_LW_Plot_29,1,3.48,1.24
SavMon_LW_Plot_29,2,6.22,1.54
SavMon_LW_Plot_29,3,8.18,1.68
SavMon_LW_Plot_29,4,9.72,1.72
SavMon_LW_Plot_29,5,10.98,1.58
SavMon_LW_Plot_29,6,12.2,1.55
SavMon_LW_Plot_29,7,13.23,1.57
SavMon_LW_Plot_29,8,14.12,1.65
SavMon_LW_Plot_29,9,14.97,1.62
SavMon_LW_Plot_29,10,15.66,1.58
SavMon_LW_Plot_29,11,16.31,1.48
SavMon_LW_Plot_29,12,17.02,1.33
SavMon_LW_Plot_29,13,17.69,1.31
SavMon_LW_Plot_29,14,18.33,1.28
SavMon_LW_Plot_29,15,18.77,1.24
SavMon_LW_Plot_29,16,19.3,1.1
SavMon_LW_Plot_29,17,19.69,1.03
SavMon_LW_Plot_29,18,20.19,0.9
SavMon_LW_Plot_29,19,20.59,0.65
SavMon_LW_Plot_29,20,21,0
SavMon_LW_Plot_30,1,3.71,1.37
SavMon_LW_Plot_30,2,6.25,1.67
SavMon_LW_Plot_30,3,7.73,1.56
SavMon_LW_Plot_30,4,9.03,1.61
SavMon_LW_Plot_30,5,9.92,1.59
SavMon_LW_Plot_30,6,10.78,1.44
SavMon_LW_Plot_30,7,11.6,1.39
SavMon_LW_Plot_30,8,12.32,1.45
SavMon_LW_Plot_30,9,12.97,1.47
SavMon_LW_Plot_30,10,13.55,1.47
SavMon_LW_Plot_30,11,13.97,1.53
SavMon_LW_Plot_30,12,14.53,1.46
SavMon_LW_Plot_30,13,14.98,1.48
SavMon_LW_Plot_30,14,15.45,1.3
SavMon_LW_Plot_30,15,15.84,1.18
SavMon_LW_Plot_30,16,16.27,0.96
SavMon_LW_Plot_30,17,16.67,0.85
SavMon_LW_Plot_30,18,17.1,0.73
SavMon_LW_Plot_30,19,17.55,0.52
SavMon_LW_Plot_30,20,18,0
SavMon_LW_Plot_46,1,1.64,0.73
SavMon_LW_Plot_46,2,2.3,0.85
SavMon_LW_Plot_46,3,2.7,0.86
SavMon_LW_Plot_46,4,3.12,0.9
SavMon_LW_Plot_46,5,3.46,0.93
SavMon_LW_Plot_46,6,3.78,0.93
SavMon_LW_Plot_46,7,3.99,0.87
SavMon_LW_Plot_46,8,4.18,0.86
SavMon_LW_Plot_46,9,4.39,0.9
SavMon_LW_Plot_46,10,4.59,0.85
SavMon_LW_Plot_46,11,4.88,0.73
SavMon_LW_Plot_46,12,5.07,0.73
SavMon_LW_Plot_46,13,5.26,0.71
SavMon_LW_Plot_46,14,5.35,0.66
SavMon_LW_Plot_46,15,5.5,0.58
SavMon_LW_Plot_46,16,5.64,0.5
SavMon_LW_Plot_46,17,5.75,0.44
SavMon_LW_Plot_46,18,5.84,0.37
SavMon_LW_Plot_46,19,5.93,0.26
SavMon_LW_Plot_46,20,6,0
