plot,date,quadrat,recorder,severity,message,what_to_check,sop_section,who_can_resolve,check_id,survey_key
SavMon_LW_Plot_01,2026-05-23,,Grace_Achieng,warning,The end summary says 19 quadrats had species; the data show 20.,Form issue: the summary counts only quadrats with extra species. Fix the form calculation so step 13 of the SOP can rely on it.,Herbaceous SOP section 5 step 13,Tech,CON-06,uuid:9fd08bb2-7c3f-49f5-8ad8-dd6f45da94da
SavMon_LW_Plot_01,2026-05-23,9,Grace_Achieng,warning,Quadrat 9 is 35.9 m from the plot midpoint; the belt allows 34.1 m.,Check the quadrat location and the plot midpoint.,Herbaceous SOP section 2 (Belt transect) and Registration SOP section 3,field team,SPA-04,uuid:9fd08bb2-7c3f-49f5-8ad8-dd6f45da94da
SavMon_LW_Plot_01,2026-05-23,18,Grace_Achieng,warning,Quadrat 18 is 74.6 m from the plot midpoint; the belt allows 34.4 m.,Check the quadrat location and the plot midpoint.,Herbaceous SOP section 2 (Belt transect) and Registration SOP section 3,field team,SPA-04,uuid:9fd08bb2-7c3f-49f5-8ad8-dd6f45da94da
SavMon_LW_Plot_01,2026-05-23,6,Grace_Achieng,warning,Quadrat 6 has exactly the same location as another quadrat of this survey.,Wait for a new fix at each quadrat.,Herbaceous SOP section 5 step 9,field team,SPA-07,uuid:9fd08bb2-7c3f-49f5-8ad8-dd6f45da94da
SavMon_LW_Plot_01,2026-05-23,14,Grace_Achieng,warning,Quadrat 14 has exactly the same location as another quadrat of this survey.,Wait for a new fix at each quadrat.,Herbaceous SOP section 5 step 9,field team,SPA-07,uuid:9fd08bb2-7c3f-49f5-8ad8-dd6f45da94da
SavMon_LW_Plot_01,2026-05-23,,Grace_Achieng,warning,"The reused name ""Evolvulus alsinoides "" has a space at the start or end.",Fix the label once in the extra-species list.,Herbaceous SOP section 5 step 7,data manager,SPE-12,uuid:9fd08bb2-7c3f-49f5-8ad8-dd6f45da94da
SavMon_LW_Plot_02,2026-05-24,,Grace_Achieng,warning,The end summary says 17 quadrats had species; the data show 19.,Form issue: the summary counts only quadrats with extra species. Fix the form calculation so step 13 of the SOP can rely on it.,Herbaceous SOP section 5 step 13,Tech,CON-06,uuid:e63b6ad6-7893-4cca-a1db-00fbde18a2aa
SavMon_LW_Plot_02,2026-05-24,10,Grace_Achieng,warning,Quadrat 10 is 35.8 m from the plot midpoint; the belt allows 32.6 m.,Check the quadrat location and the plot midpoint.,Herbaceous SOP section 2 (Belt transect) and Registration SOP section 3,field team,SPA-04,uuid:e63b6ad6-7893-4cca-a1db-00fbde18a2aa
SavMon_LW_Plot_02,2026-05-24,2,Grace_Achieng,warning,"Quadrat 2: ""Brachiara dura"" looks like a misspelling of ""Brachiaria"".",Check the spelling and select the species from the list if it is the same.,Herbaceous SOP section 4.2 and section 5 step 7,field team,SPE-06,uuid:e63b6ad6-7893-4cca-a1db-00fbde18a2aa
SavMon_LW_Plot_02,2026-05-24,,Grace_Achieng,warning,"The reused name ""Evolvulus alsinoides "" has a space at the start or end.",Fix the label once in the extra-species list.,Herbaceous SOP section 5 step 7,data manager,SPE-12,uuid:e63b6ad6-7893-4cca-a1db-00fbde18a2aa
SavMon_LW_Plot_03,2026-05-20,1,Samuel_Kiprotich,warning,Quadrat 1 is 40 m from the plot midpoint; the belt allows 33.1 m.,Check the quadrat location and the plot midpoint.,Herbaceous SOP section 2 (Belt transect) and Registration SOP section 3,field team,SPA-04,uuid:967cb42c-f21a-4ba6-92be-81cd6d2b0e8d
SavMon_LW_Plot_03,2026-05-20,6,Samuel_Kiprotich,warning,Quadrat 6: Aristida scabrivalvis was entered as a new species more than once.,Merge the duplicate new-species entries.,Herbaceous SOP section 4.2 and section 6,data manager,SPE-08,uuid:967cb42c-f21a-4ba6-92be-81cd6d2b0e8d
SavMon_LW_Plot_04,2026-05-25,,Grace_Achieng,warning,The end summary says 18 quadrats had species; the data show 19.,Form issue: the summary counts only quadrats with extra species. Fix the form calculation so step 13 of the SOP can rely on it.,Herbaceous SOP section 5 step 13,Tech,CON-06,uuid:4137458f-31e5-4355-b4ad-47858fb11503
SavMon_LW_Plot_04,2026-05-25,1,Grace_Achieng,warning,Quadrat 1 is 39.8 m from the plot midpoint; the belt allows 30.2 m.,Check the quadrat location and the plot midpoint.,Herbaceous SOP section 2 (Belt transect) and Registration SOP section 3,field team,SPA-04,uuid:4137458f-31e5-4355-b4ad-47858fb11503
SavMon_LW_Plot_04,2026-05-25,3,Grace_Achieng,warning,Quadrat 3 is 33 m from the plot midpoint; the belt allows 31.1 m.,Check the quadrat location and the plot midpoint.,Herbaceous SOP section 2 (Belt transect) and Registration SOP section 3,field team,SPA-04,uuid:4137458f-31e5-4355-b4ad-47858fb11503
SavMon_LW_Plot_05,2026-05-22,,Grace_Achieng,warning,The end summary says 12 quadrats had species; the data show 19.,Form issue: the summary counts only quadrats with extra species. Fix the form calculation so step 13 of the SOP can rely on it.,Herbaceous SOP section 5 step 13,Tech,CON-06,uuid:5d242bf2-8888-4eb0-9082-431482177425
SavMon_LW_Plot_05,2026-05-22,1,Grace_Achieng,warning,Quadrat 1 is 42.4 m from the plot midpoint; the belt allows 32.3 m.,Check the quadrat location and the plot midpoint.,Herbaceous SOP section 2 (Belt transect) and Registration SOP section 3,field team,SPA-04,uuid:5d242bf2-8888-4eb0-9082-431482177425
SavMon_LW_Plot_05,2026-05-22,2,Grace_Achieng,warning,Quadrat 2 is 42.1 m from the plot midpoint; the belt allows 32.2 m.,Check the quadrat location and the plot midpoint.,Herbaceous SOP section 2 (Belt transect) and Registration SOP section 3,field team,SPA-04,uuid:5d242bf2-8888-4eb0-9082-431482177425
SavMon_LW_Plot_05,2026-05-22,3,Grace_Achieng,warning,Quadrat 3 is 38.3 m from the plot midpoint; the belt allows 32 m.,Check the quadrat location and the plot midpoint.,Herbaceous SOP section 2 (Belt transect) and Registration SOP section 3,field team,SPA-04,uuid:5d242bf2-8888-4eb0-9082-431482177425
SavMon_LW_Plot_05,2026-05-22,4,Grace_Achieng,warning,Quadrat 4 is 37.3 m from the plot midpoint; the belt allows 32.4 m.,Check the quadrat location and the plot midpoint.,Herbaceous SOP section 2 (Belt transect) and Registration SOP section 3,field team,SPA-04,uuid:5d242bf2-8888-4eb0-9082-431482177425
SavMon_LW_Plot_05,2026-05-22,19,Grace_Achieng,warning,Quadrat 19 is 34.3 m from the plot midpoint; the belt allows 33.9 m.,Check the quadrat location and the plot midpoint.,Herbaceous SOP section 2 (Belt transect) and Registration SOP section 3,field team,SPA-04,uuid:5d242bf2-8888-4eb0-9082-431482177425
SavMon_LW_Plot_05,2026-05-22,20,Grace_Achieng,warning,Quadrat 20 is 43.5 m from the plot midpoint; the belt allows 33.1 m.,Check the quadrat location and the plot midpoint.,Herbaceous SOP section 2 (Belt transect) and Registration SOP section 3,field team,SPA-04,uuid:5d242bf2-8888-4eb0-9082-431482177425
SavMon_LW_Plot_05,2026-05-22,,Grace_Achieng,warning,The end-of-survey location is 43.5 m from the plot midpoint; the plot allows 33.1 m.,Check that the survey was done at the registered plot.,Herbaceous SOP section 2 (Belt transect),field team,SPA-05,uuid:5d242bf2-8888-4eb0-9082-431482177425
SavMon_LW_Plot_05,2026-05-22,9,Grace_Achieng,warning,"Quadrat 9: ""Ipomea sinensis"" looks like a misspelling of ""Ipomoea"".",Check the spelling and select the species from the list if it is the same.,Herbaceous SOP section 4.2 and section 5 step 7,field team,SPE-06,uuid:5d242bf2-8888-4eb0-9082-431482177425
SavMon_LW_Plot_06,2026-05-23,1,Grace_Achieng,warning,Quadrat 1 is 34.5 m from the plot midpoint; the belt allows 31.4 m.,Check the quadrat location and the plot midpoint.,Herbaceous SOP section 2 (Belt transect) and Registration SOP section 3,field team,SPA-04,uuid:7ae61d55-3663-422e-aad2-9104b56c9a47
SavMon_LW_Plot_07,2026-05-24,,Grace_Achieng,warning,The end summary says 17 quadrats had species; the data show 20.,Form issue: the summary counts only quadrats with extra species. Fix the form calculation so step 13 of the SOP can rely on it.,Herbaceous SOP section 5 step 13,Tech,CON-06,uuid:430e85a3-44ce-45f4-9974-c6a61569e78b
SavMon_LW_Plot_08,2026-05-19,,Samuel_Kiprotich,warning,The end summary says 19 quadrats had species; the data show 20.,Form issue: the summary counts only quadrats with extra species. Fix the form calculation so step 13 of the SOP can rely on it.,Herbaceous SOP section 5 step 13,Tech,CON-06,uuid:359a5da6-d237-4203-b838-8596bdbd4935
SavMon_LW_Plot_08,2026-05-19,1,Samuel_Kiprotich,warning,"Quadrat 1: the name ""Evolvulus alsinoides "" has a space at the start or end.",Remove the space.,Herbaceous SOP section 5 step 7,field team,SPE-05,uuid:359a5da6-d237-4203-b838-8596bdbd4935
SavMon_LW_Plot_08,2026-05-19,,Samuel_Kiprotich,warning,"The survey took 236 minutes, outside the expected 15 to 180.",Check that the whole plot was surveyed and the form was not left open.,Herbaceous SOP section 5 (20 quadrats with photos),field team,TIM-02,uuid:359a5da6-d237-4203-b838-8596bdbd4935
SavMon_LW_Plot_09,2026-05-21,,Grace_Achieng,warning,The end summary says 19 quadrats had species; the data show 20.,Form issue: the summary counts only quadrats with extra species. Fix the form calculation so step 13 of the SOP can rely on it.,Herbaceous SOP section 5 step 13,Tech,CON-06,uuid:95cde0b4-8b49-4f5d-a3c7-6765e1c06466
SavMon_LW_Plot_09,2026-05-21,10,Grace_Achieng,warning,Quadrat 10 is 39.6 m from the plot midpoint; the belt allows 31.8 m.,Check the quadrat location and the plot midpoint.,Herbaceous SOP section 2 (Belt transect) and Registration SOP section 3,field team,SPA-04,uuid:95cde0b4-8b49-4f5d-a3c7-6765e1c06466
SavMon_LW_Plot_09,2026-05-21,9,Grace_Achieng,warning,Quadrat 9: Justicia divaricata was entered as a new species more than once.,Merge the duplicate new-species entries.,Herbaceous SOP section 4.2 and section 6,data manager,SPE-08,uuid:95cde0b4-8b49-4f5d-a3c7-6765e1c06466
SavMon_LW_Plot_09,2026-05-21,,Grace_Achieng,warning,"The reused name ""Evolvulus alsinoides "" has a space at the start or end.",Fix the label once in the extra-species list.,Herbaceous SOP section 5 step 7,data manager,SPE-12,uuid:95cde0b4-8b49-4f5d-a3c7-6765e1c06466
SavMon_LW_Plot_10,2026-05-21,9,Grace_Achieng,error,Quadrat 9 says extra species were found but none is recorded.,Look up the extra species on the field sheet and send them to the data manager.,Herbaceous SOP section 5 step 7,field team,CON-04,uuid:3865525f-1d45-40fc-83ca-7e30fafe6b54
SavMon_LW_Plot_10,2026-05-21,,Grace_Achieng,warning,The end summary says 18 quadrats had species; the data show 20.,Form issue: the summary counts only quadrats with extra species. Fix the form calculation so step 13 of the SOP can rely on it.,Herbaceous SOP section 5 step 13,Tech,CON-06,uuid:3865525f-1d45-40fc-83ca-7e30fafe6b54
SavMon_LW_Plot_11,2026-05-26,2,Grace_Achieng,warning,Quadrat 2: herb_054 is listed more than once.,Remove the duplicate if it is the same plant.,Herbaceous SOP section 3 (presence recorded per quadrat),field team,CON-07,uuid:9e1251bb-84c1-4b7a-a8bb-bafcf7afc82c
SavMon_LW_Plot_11,2026-05-26,4,Grace_Achieng,warning,Quadrat 4 is 50.8 m from the plot midpoint; the belt allows 33 m.,Check the quadrat location and the plot midpoint.,Herbaceous SOP section 2 (Belt transect) and Registration SOP section 3,field team,SPA-04,uuid:9e1251bb-84c1-4b7a-a8bb-bafcf7afc82c
SavMon_LW_Plot_11,2026-05-26,,Grace_Achieng,warning,"The reused name ""Evolvulus alsinoides "" has a space at the start or end.",Fix the label once in the extra-species list.,Herbaceous SOP section 5 step 7,data manager,SPE-12,uuid:9e1251bb-84c1-4b7a-a8bb-bafcf7afc82c
SavMon_LW_Plot_12,2026-05-20,2,Samuel_Kiprotich,warning,Quadrat 2: herb_010 is listed more than once.,Remove the duplicate if it is the same plant.,Herbaceous SOP section 3 (presence recorded per quadrat),field team,CON-07,uuid:e7de35f0-a715-47f1-885f-fd5a0d9a2907
SavMon_LW_Plot_12,2026-05-20,4,Samuel_Kiprotich,warning,Quadrat 4: herb_017 is listed more than once.,Remove the duplicate if it is the same plant.,Herbaceous SOP section 3 (presence recorded per quadrat),field team,CON-07,uuid:e7de35f0-a715-47f1-885f-fd5a0d9a2907
SavMon_LW_Plot_12,2026-05-20,20,Samuel_Kiprotich,warning,Quadrat 20: herb_016 is listed more than once.,Remove the duplicate if it is the same plant.,Herbaceous SOP section 3 (presence recorded per quadrat),field team,CON-07,uuid:e7de35f0-a715-47f1-885f-fd5a0d9a2907
SavMon_LW_Plot_12,2026-05-20,,Samuel_Kiprotich,warning,"The reused name ""Evolvulus alsinoides "" has a space at the start or end.",Fix the label once in the extra-species list.,Herbaceous SOP section 5 step 7,data manager,SPE-12,uuid:e7de35f0-a715-47f1-885f-fd5a0d9a2907
SavMon_LW_Plot_14,2026-05-21,8,Grace_Achieng,error,Quadrat 8 says extra species were found but none is recorded.,Look up the extra species on the field sheet and send them to the data manager.,Herbaceous SOP section 5 step 7,field team,CON-04,uuid:fdf5f121-0a7f-4769-85bb-4717e0361eb4
SavMon_LW_Plot_14,2026-05-21,,Grace_Achieng,warning,The end summary says 11 quadrats had species; the data show 20.,Form issue: the summary counts only quadrats with extra species. Fix the form calculation so step 13 of the SOP can rely on it.,Herbaceous SOP section 5 step 13,Tech,CON-06,uuid:fdf5f121-0a7f-4769-85bb-4717e0361eb4
SavMon_LW_Plot_14,2026-05-21,10,Grace_Achieng,warning,Quadrat 10 is 32.2 m from the plot midpoint; the belt allows 31.3 m.,Check the quadrat location and the plot midpoint.,Herbaceous SOP section 2 (Belt transect) and Registration SOP section 3,field team,SPA-04,uuid:fdf5f121-0a7f-4769-85bb-4717e0361eb4
SavMon_LW_Plot_14,2026-05-21,7,Grace_Achieng,warning,Quadrat 7: Pechuel-loeschea leubnitziae is already on the species list and should have been selected.,Replace the typed entry with the list species.,Herbaceous SOP section 4.2 and section 5 step 7,data manager,SPE-09,uuid:fdf5f121-0a7f-4769-85bb-4717e0361eb4
SavMon_LW_Plot_14,2026-05-21,,Grace_Achieng,warning,"The reused name ""Evolvulus alsinoides "" has a space at the start or end.",Fix the label once in the extra-species list.,Herbaceous SOP section 5 step 7,data manager,SPE-12,uuid:fdf5f121-0a7f-4769-85bb-4717e0361eb4
SavMon_LW_Plot_15,2026-05-24,17,Grace_Achieng,error,Quadrat 17 says extra species were found but none is recorded.,Look up the extra species on the field sheet and send them to the data manager.,Herbaceous SOP section 5 step 7,field team,CON-04,uuid:54452130-d92e-4996-a0d7-9401811b9ed7
SavMon_LW_Plot_15,2026-05-24,,Grace_Achieng,warning,The end summary says 17 quadrats had species; the data show 20.,Form issue: the summary counts only quadrats with extra species. Fix the form calculation so step 13 of the SOP can rely on it.,Herbaceous SOP section 5 step 13,Tech,CON-06,uuid:54452130-d92e-4996-a0d7-9401811b9ed7
SavMon_LW_Plot_15,2026-05-24,10,Grace_Achieng,warning,Quadrat 10 is 33.6 m from the plot midpoint; the belt allows 31.7 m.,Check the quadrat location and the plot midpoint.,Herbaceous SOP section 2 (Belt transect) and Registration SOP section 3,field team,SPA-04,uuid:54452130-d92e-4996-a0d7-9401811b9ed7
SavMon_LW_Plot_15,2026-05-24,11,Grace_Achieng,warning,Quadrat 11 is 34.2 m from the plot midpoint; the belt allows 32 m.,Check the quadrat location and the plot midpoint.,Herbaceous SOP section 2 (Belt transect) and Registration SOP section 3,field team,SPA-04,uuid:54452130-d92e-4996-a0d7-9401811b9ed7
SavMon_LW_Plot_15,2026-05-24,3,Grace_Achieng,warning,"Quadrat 3: ""Ipomea leucanthemum"" looks like a misspelling of ""Ipomoea"".",Check the spelling and select the species from the list if it is the same.,Herbaceous SOP section 4.2 and section 5 step 7,field team,SPE-06,uuid:54452130-d92e-4996-a0d7-9401811b9ed7
SavMon_LW_Plot_16,2026-05-27,,Grace_Achieng,warning,The end summary says 19 quadrats had species; the data show 20.,Form issue: the summary counts only quadrats with extra species. Fix the form calculation so step 13 of the SOP can rely on it.,Herbaceous SOP section 5 step 13,Tech,CON-06,uuid:599e04cf-832f-4535-8305-967918d12026
SavMon_LW_Plot_16,2026-05-27,16,Grace_Achieng,warning,"Quadrat 16: the name ""Justicia divaricata "" has a space at the start or end.",Remove the space.,Herbaceous SOP section 5 step 7,field team,SPE-05,uuid:599e04cf-832f-4535-8305-967918d12026
SavMon_LW_Plot_16,2026-05-27,16,Grace_Achieng,warning,Quadrat 16: Justicia divaricata was entered as a new species more than once.,Merge the duplicate new-species entries.,Herbaceous SOP section 4.2 and section 6,data manager,SPE-08,uuid:599e04cf-832f-4535-8305-967918d12026
SavMon_LW_Plot_16,2026-05-27,,Grace_Achieng,warning,"The reused name ""Evolvulus alsinoides "" has a space at the start or end.",Fix the label once in the extra-species list.,Herbaceous SOP section 5 step 7,data manager,SPE-12,uuid:599e04cf-832f-4535-8305-967918d12026
SavMon_LW_Plot_18,2026-05-26,2,Grace_Achieng,warning,Quadrat 2: Oldenladia corymbosa is listed more than once.,Remove the duplicate if it is the same plant.,Herbaceous SOP section 3 (presence recorded per quadrat),field team,CON-07,uuid:cf362fbc-991a-4db1-8d49-6c1d29fd49c8
SavMon_LW_Plot_18,2026-05-26,20,Grace_Achieng,warning,Quadrat 20 is 31.1 m from the plot midpoint; the belt allows 30.8 m.,Check the quadrat location and the plot midpoint.,Herbaceous SOP section 2 (Belt transect) and Registration SOP section 3,field team,SPA-04,uuid:cf362fbc-991a-4db1-8d49-6c1d29fd49c8
SavMon_LW_Plot_18,2026-05-26,,Grace_Achieng,warning,"The reused name ""Evolvulus alsinoides "" has a space at the start or end.",Fix the label once in the extra-species list.,Herbaceous SOP section 5 step 7,data manager,SPE-12,uuid:cf362fbc-991a-4db1-8d49-6c1d29fd49c8
SavMon_LW_Plot_19,2026-05-22,20,Grace_Achieng,error,Quadrat 20 says extra species were found but none is recorded.,Look up the extra species on the field sheet and send them to the data manager.,Herbaceous SOP section 5 step 7,field team,CON-04,uuid:9ec95900-d4e8-4825-be75-07834b98cc6c
SavMon_LW_Plot_19,2026-05-22,,Grace_Achieng,warning,The end summary says 16 quadrats had species; the data show 19.,Form issue: the summary counts only quadrats with extra species. Fix the form calculation so step 13 of the SOP can rely on it.,Herbaceous SOP section 5 step 13,Tech,CON-06,uuid:9ec95900-d4e8-4825-be75-07834b98cc6c
SavMon_LW_Plot_19,2026-05-22,3,Grace_Achieng,warning,Quadrat 3 is 47.3 m from the plot midpoint; the belt allows 31.7 m.,Check the quadrat location and the plot midpoint.,Herbaceous SOP section 2 (Belt transect) and Registration SOP section 3,field team,SPA-04,uuid:9ec95900-d4e8-4825-be75-07834b98cc6c
SavMon_LW_Plot_19,2026-05-22,,Grace_Achieng,warning,"The reused name ""Evolvulus alsinoides "" has a space at the start or end.",Fix the label once in the extra-species list.,Herbaceous SOP section 5 step 7,data manager,SPE-12,uuid:9ec95900-d4e8-4825-be75-07834b98cc6c
SavMon_LW_Plot_20,2026-05-24,,Grace_Achieng,warning,The end summary says 19 quadrats had species; the data show 20.,Form issue: the summary counts only quadrats with extra species. Fix the form calculation so step 13 of the SOP can rely on it.,Herbaceous SOP section 5 step 13,Tech,CON-06,uuid:b816a9b4-f338-432a-83d7-1cf354583f0f
SavMon_LW_Plot_20,2026-05-24,,Grace_Achieng,warning,"The reused name ""Evolvulus alsinoides "" has a space at the start or end.",Fix the label once in the extra-species list.,Herbaceous SOP section 5 step 7,data manager,SPE-12,uuid:b816a9b4-f338-432a-83d7-1cf354583f0f
SavMon_LW_Plot_21,2026-05-26,,Grace_Achieng,warning,The end summary says 19 quadrats had species; the data show 20.,Form issue: the summary counts only quadrats with extra species. Fix the form calculation so step 13 of the SOP can rely on it.,Herbaceous SOP section 5 step 13,Tech,CON-06,uuid:49d73df9-2d36-4a1e-aa29-6f94f23a7513
SavMon_LW_Plot_21,2026-05-26,10,Grace_Achieng,warning,Quadrat 10 is 38.7 m from the plot midpoint; the belt allows 32.5 m.,Check the quadrat location and the plot midpoint.,Herbaceous SOP section 2 (Belt transect) and Registration SOP section 3,field team,SPA-04,uuid:49d73df9-2d36-4a1e-aa29-6f94f23a7513
SavMon_LW_Plot_21,2026-05-26,13,Grace_Achieng,warning,Quadrat 13: Cyperus margaritaceus was entered as a new species more than once.,Merge the duplicate new-species entries.,Herbaceous SOP section 4.2 and section 6,data manager,SPE-08,uuid:49d73df9-2d36-4a1e-aa29-6f94f23a7513
SavMon_LW_Plot_21,2026-05-26,,Grace_Achieng,warning,"The reused name ""Evolvulus alsinoides "" has a space at the start or end.",Fix the label once in the extra-species list.,Herbaceous SOP section 5 step 7,data manager,SPE-12,uuid:49d73df9-2d36-4a1e-aa29-6f94f23a7513
SavMon_LW_Plot_22,2026-05-20,,Samuel_Kiprotich,warning,The end summary says 16 quadrats had species; the data show 20.,Form issue: the summary counts only quadrats with extra species. Fix the form calculation so step 13 of the SOP can rely on it.,Herbaceous SOP section 5 step 13,Tech,CON-06,uuid:ce4f999d-8849-42a9-a870-1205d47b1903
SavMon_LW_Plot_22,2026-05-20,14,Samuel_Kiprotich,warning,Quadrat 14: Macrotalyma daltonii is listed more than once.,Remove the duplicate if it is the same plant.,Herbaceous SOP section 3 (presence recorded per quadrat),field team,CON-07,uuid:ce4f999d-8849-42a9-a870-1205d47b1903
SavMon_LW_Plot_22,2026-05-20,8,Samuel_Kiprotich,warning,Quadrat 8 is 37.9 m from the plot midpoint; the belt allows 34.4 m.,Check the quadrat location and the plot midpoint.,Herbaceous SOP section 2 (Belt transect) and Registration SOP section 3,field team,SPA-04,uuid:ce4f999d-8849-42a9-a870-1205d47b1903
SavMon_LW_Plot_22,2026-05-20,11,Samuel_Kiprotich,warning,Quadrat 11 is 45.9 m from the plot midpoint; the belt allows 32.7 m.,Check the quadrat location and the plot midpoint.,Herbaceous SOP section 2 (Belt transect) and Registration SOP section 3,field team,SPA-04,uuid:ce4f999d-8849-42a9-a870-1205d47b1903
SavMon_LW_Plot_22,2026-05-20,12,Samuel_Kiprotich,warning,Quadrat 12 is 33.7 m from the plot midpoint; the belt allows 33.1 m.,Check the quadrat location and the plot midpoint.,Herbaceous SOP section 2 (Belt transect) and Registration SOP section 3,field team,SPA-04,uuid:ce4f999d-8849-42a9-a870-1205d47b1903
SavMon_LW_Plot_22,2026-05-20,14,Samuel_Kiprotich,warning,Quadrat 14 is 33.3 m from the plot midpoint; the belt allows 33.2 m.,Check the quadrat location and the plot midpoint.,Herbaceous SOP section 2 (Belt transect) and Registration SOP section 3,field team,SPA-04,uuid:ce4f999d-8849-42a9-a870-1205d47b1903
SavMon_LW_Plot_22,2026-05-20,,Samuel_Kiprotich,warning,"The reused name ""Evolvulus alsinoides "" has a space at the start or end.",Fix the label once in the extra-species list.,Herbaceous SOP section 5 step 7,data manager,SPE-12,uuid:ce4f999d-8849-42a9-a870-1205d47b1903
SavMon_LW_Plot_24,2026-05-24,,Grace_Achieng,warning,The end summary says 19 quadrats had species; the data show 20.,Form issue: the summary counts only quadrats with extra species. Fix the form calculation so step 13 of the SOP can rely on it.,Herbaceous SOP section 5 step 13,Tech,CON-06,uuid:ef5c5535-1739-481b-af66-71061de5dcd2
SavMon_LW_Plot_24,2026-05-24,1,Grace_Achieng,warning,Quadrat 1 is 31.1 m from the plot midpoint; the belt allows 30.5 m.,Check the quadrat location and the plot midpoint.,Herbaceous SOP section 2 (Belt transect) and Registration SOP section 3,field team,SPA-04,uuid:ef5c5535-1739-481b-af66-71061de5dcd2
SavMon_LW_Plot_25,2026-05-25,,Grace_Achieng,warning,The end summary says 19 quadrats had species; the data show 20.,Form issue: the summary counts only quadrats with extra species. Fix the form calculation so step 13 of the SOP can rely on it.,Herbaceous SOP section 5 step 13,Tech,CON-06,uuid:8e5f5c9d-d697-4358-b766-db4a41f28c3e
SavMon_LW_Plot_25,2026-05-25,1,Grace_Achieng,warning,Quadrat 1 is 38 m from the plot midpoint; the belt allows 31.6 m.,Check the quadrat location and the plot midpoint.,Herbaceous SOP section 2 (Belt transect) and Registration SOP section 3,field team,SPA-04,uuid:8e5f5c9d-d697-4358-b766-db4a41f28c3e
SavMon_LW_Plot_25,2026-05-25,,Grace_Achieng,warning,The end-of-survey location is 30.6 m from the plot midpoint; the plot allows 29.7 m.,Check that the survey was done at the registered plot.,Herbaceous SOP section 2 (Belt transect),field team,SPA-05,uuid:8e5f5c9d-d697-4358-b766-db4a41f28c3e
SavMon_LW_Plot_25,2026-05-25,,Grace_Achieng,warning,"The reused name ""Evolvulus alsinoides "" has a space at the start or end.",Fix the label once in the extra-species list.,Herbaceous SOP section 5 step 7,data manager,SPE-12,uuid:8e5f5c9d-d697-4358-b766-db4a41f28c3e
SavMon_LW_Plot_26,2026-05-22,,Grace_Achieng,warning,The end summary says 19 quadrats had species; the data show 20.,Form issue: the summary counts only quadrats with extra species. Fix the form calculation so step 13 of the SOP can rely on it.,Herbaceous SOP section 5 step 13,Tech,CON-06,uuid:2439f628-f86d-4770-98d1-ae7b99a4d91f
SavMon_LW_Plot_26,2026-05-22,11,Grace_Achieng,warning,Quadrat 11 is 34.4 m from the plot midpoint; the belt allows 33.2 m.,Check the quadrat location and the plot midpoint.,Herbaceous SOP section 2 (Belt transect) and Registration SOP section 3,field team,SPA-04,uuid:2439f628-f86d-4770-98d1-ae7b99a4d91f
SavMon_LW_Plot_26,2026-05-22,20,Grace_Achieng,warning,Quadrat 20 is 32.7 m from the plot midpoint; the belt allows 32 m.,Check the quadrat location and the plot midpoint.,Herbaceous SOP section 2 (Belt transect) and Registration SOP section 3,field team,SPA-04,uuid:2439f628-f86d-4770-98d1-ae7b99a4d91f
SavMon_LW_Plot_26,2026-05-22,1,Grace_Achieng,warning,Quadrat 1: Aristida scabrivalvis was entered as a new species more than once.,Merge the duplicate new-species entries.,Herbaceous SOP section 4.2 and section 6,data manager,SPE-08,uuid:2439f628-f86d-4770-98d1-ae7b99a4d91f
SavMon_LW_Plot_27,2026-05-22,,Grace_Achieng,warning,The end summary says 19 quadrats had species; the data show 20.,Form issue: the summary counts only quadrats with extra species. Fix the form calculation so step 13 of the SOP can rely on it.,Herbaceous SOP section 5 step 13,Tech,CON-06,uuid:c803a008-7014-4a4e-a485-68e1d90d767c
SavMon_LW_Plot_27,2026-05-22,,Grace_Achieng,warning,"The reused name ""Evolvulus alsinoides "" has a space at the start or end.",Fix the label once in the extra-species list.,Herbaceous SOP section 5 step 7,data manager,SPE-12,uuid:c803a008-7014-4a4e-a485-68e1d90d767c
SavMon_LW_Plot_28,2026-05-23,6,Grace_Achieng,error,Quadrat 6: an extra species has no name.,Look up the species on the field sheet.,Herbaceous SOP section 5 step 7,field team,SPE-11,uuid:c4ea3469-7e1c-474a-9ce6-fc1926e590e2
SavMon_LW_Plot_28,2026-05-23,,Grace_Achieng,warning,"The reused name ""Evolvulus alsinoides "" has a space at the start or end.",Fix the label once in the extra-species list.,Herbaceous SOP section 5 step 7,data manager,SPE-12,uuid:c4ea3469-7e1c-474a-9ce6-fc1926e590e2
SavMon_LW_Plot_29,2026-05-26,2,Samuel_Kiprotich,error,Quadrat 2 says extra species were found but none is recorded.,Look up the extra species on the field sheet and send them to the data manager.,Herbaceous SOP section 5 step 7,field team,CON-04,uuid:938c15e5-c942-49aa-8e6d-9633189870ff
SavMon_LW_Plot_29,2026-05-26,,Samuel_Kiprotich,warning,The end summary says 19 quadrats had species; the data show 20.,Form issue: the summary counts only quadrats with extra species. Fix the form calculation so step 13 of the SOP can rely on it.,Herbaceous SOP section 5 step 13,Tech,CON-06,uuid:938c15e5-c942-49aa-8e6d-9633189870ff
SavMon_LW_Plot_29,2026-05-26,,Samuel_Kiprotich,warning,"The reused name ""Evolvulus alsinoides "" has a space at the start or end.",Fix the label once in the extra-species list.,Herbaceous SOP section 5 step 7,data manager,SPE-12,uuid:938c15e5-c942-49aa-8e6d-9633189870ff
SavMon_LW_Plot_30,2026-05-21,14,Grace_Achieng,error,Quadrat 14 says extra species were found but none is recorded.,Look up the extra species on the field sheet and send them to the data manager.,Herbaceous SOP section 5 step 7,field team,CON-04,uuid:c17516f9-53dd-4fda-b4e6-e257068198b9
SavMon_LW_Plot_30,2026-05-21,,Grace_Achieng,warning,The end summary says 14 quadrats had species; the data show 20.,Form issue: the summary counts only quadrats with extra species. Fix the form calculation so step 13 of the SOP can rely on it.,Herbaceous SOP section 5 step 13,Tech,CON-06,uuid:c17516f9-53dd-4fda-b4e6-e257068198b9
SavMon_LW_Plot_30,2026-05-21,,Grace_Achieng,warning,"The end-of-survey location accuracy is 5.066 m, above 5 m.",Set the device to 5 m accuracy or better.,Herbaceous SOP section 4.2,field team,SPA-02,uuid:c17516f9-53dd-4fda-b4e6-e257068198b9
SavMon_LW_Plot_30,2026-05-21,1,Grace_Achieng,warning,Quadrat 1 is 43.4 m from the plot midpoint; the belt allows 33.2 m.,Check the quadrat location and the plot midpoint.,Herbaceous SOP section 2 (Belt transect) and Registration SOP section 3,field team,SPA-04,uuid:c17516f9-53dd-4fda-b4e6-e257068198b9
SavMon_LW_Plot_30,2026-05-21,2,Grace_Achieng,warning,Quadrat 2 is 37 m from the plot midpoint; the belt allows 32.2 m.,Check the quadrat location and the plot midpoint.,Herbaceous SOP section 2 (Belt transect) and Registration SOP section 3,field team,SPA-04,uuid:c17516f9-53dd-4fda-b4e6-e257068198b9
SavMon_LW_Plot_30,2026-05-21,3,Grace_Achieng,warning,Quadrat 3 is 32.4 m from the plot midpoint; the belt allows 31.9 m.,Check the quadrat location and the plot midpoint.,Herbaceous SOP section 2 (Belt transect) and Registration SOP section 3,field team,SPA-04,uuid:c17516f9-53dd-4fda-b4e6-e257068198b9
SavMon_LW_Plot_30,2026-05-21,20,Grace_Achieng,warning,Quadrat 20 is 36.7 m from the plot midpoint; the belt allows 34.6 m.,Check the quadrat location and the plot midpoint.,Herbaceous SOP section 2 (Belt transect) and Registration SOP section 3,field team,SPA-04,uuid:c17516f9-53dd-4fda-b4e6-e257068198b9
SavMon_LW_Plot_30,2026-05-21,,Grace_Achieng,warning,The end-of-survey location is 43.4 m from the plot midpoint; the plot allows 34.7 m.,Check that the survey was done at the registered plot.,Herbaceous SOP section 2 (Belt transect),field team,SPA-05,uuid:c17516f9-53dd-4fda-b4e6-e257068198b9
SavMon_LW_Plot_30,2026-05-21,,Grace_Achieng,warning,"The reused name ""Evolvulus alsinoides "" has a space at the start or end.",Fix the label once in the extra-species list.,Herbaceous SOP section 5 step 7,data manager,SPE-12,uuid:c17516f9-53dd-4fda-b4e6-e257068198b9
SavMon_LW_Plot_46,2026-05-22,5,Grace_Achieng,error,Quadrat 5 says extra species were found but none is recorded.,Look up the extra species on the field sheet and send them to the data manager.,Herbaceous SOP section 5 step 7,field team,CON-04,uuid:dae71a1b-a6f9-4a6d-a7e5-8ffbb89fad6f
SavMon_LW_Plot_46,2026-05-22,13,Grace_Achieng,error,Quadrat 13 says extra species were found but none is recorded.,Look up the extra species on the field sheet and send them to the data manager.,Herbaceous SOP section 5 step 7,field team,CON-04,uuid:dae71a1b-a6f9-4a6d-a7e5-8ffbb89fad6f
SavMon_LW_Plot_46,2026-05-22,14,Grace_Achieng,error,Quadrat 14 says extra species were found but none is recorded.,Look up the extra species on the field sheet and send them to the data manager.,Herbaceous SOP section 5 step 7,field team,CON-04,uuid:dae71a1b-a6f9-4a6d-a7e5-8ffbb89fad6f
SavMon_LW_Plot_46,2026-05-22,,Grace_Achieng,warning,The end summary says 14 quadrats had species; the data show 20.,Form issue: the summary counts only quadrats with extra species. Fix the form calculation so step 13 of the SOP can rely on it.,Herbaceous SOP section 5 step 13,Tech,CON-06,uuid:dae71a1b-a6f9-4a6d-a7e5-8ffbb89fad6f
