plot_name,plot_status,is_viable,surveyed,n_surveys,n_quadrats,gamma_richness,mean_quadrat_richness,share_quadrats_unknown,n_unknown_labels,richness_upper_bound,n_error,n_warning
SavMon_LW_Plot_01,primary,yes,TRUE,1,20,24,2.9,0.9,8,32,0,6
SavMon_LW_Plot_02,primary,yes,TRUE,1,20,12,1.25,0.85,7,19,0,4
SavMon_LW_Plot_03,primary,yes,TRUE,1,20,7,0.85,0.8,8,15,0,2
SavMon_LW_Plot_04,primary,yes,TRUE,1,20,8,1.35,0.8,12,20,0,3
SavMon_LW_Plot_05,primary,yes,TRUE,1,20,13,1.6,0.5,4,17,0,9
SavMon_LW_Plot_06,primary,yes,TRUE,1,20,14,2.45,0.9,12,26,0,1
SavMon_LW_Plot_07,primary,yes,TRUE,1,20,8,2.05,0.85,10,18,0,1
SavMon_LW_Plot_08,primary,yes,TRUE,1,20,16,3.35,0.9,15,31,0,3
SavMon_LW_Plot_09,primary,yes,TRUE,1,20,19,3.4,0.75,10,29,0,4
SavMon_LW_Plot_10,primary,yes,TRUE,1,19,17,2.42,0.68,4,21,1,1
SavMon_LW_Plot_11,primary,yes,TRUE,1,20,20,2.75,0.65,5,25,0,3
SavMon_LW_Plot_12,primary,yes,TRUE,1,20,23,2.9,1,17,40,0,4
SavMon_LW_Plot_13,primary,yes,TRUE,1,20,8,1.85,0.9,4,12,0,0
SavMon_LW_Plot_14,primary,yes,TRUE,1,19,12,3.32,0.47,7,19,1,4
SavMon_LW_Plot_15,primary,yes,TRUE,1,19,14,1.21,0.79,7,21,1,4
SavMon_LW_Plot_16,primary,yes,TRUE,1,20,17,3.85,0.55,6,23,0,4
SavMon_LW_Plot_17,primary,yes,TRUE,1,20,13,2.1,0.95,9,22,0,0
SavMon_LW_Plot_18,primary,yes,TRUE,1,20,20,2.8,0.6,8,28,0,3
SavMon_LW_Plot_19,primary,yes,TRUE,1,19,16,2.53,0.26,3,19,1,3
SavMon_LW_Plot_20,primary,yes,TRUE,1,20,12,1.75,0.75,5,17,0,2
SavMon_LW_Plot_21,primary,yes,TRUE,1,20,21,3.25,0.8,9,30,0,4
SavMon_LW_Plot_22,primary,yes,TRUE,1,20,12,2.45,0.6,9,21,0,7
SavMon_LW_Plot_23,primary,no,FALSE,0,0,,,,0,,0,0
SavMon_LW_Plot_24,primary,yes,TRUE,1,20,7,0.5,0.9,4,11,0,2
SavMon_LW_Plot_25,primary,yes,TRUE,1,20,24,3.6,0.4,7,31,0,4
SavMon_LW_Plot_26,primary,yes,TRUE,1,20,12,1.95,0.85,11,23,0,4
SavMon_LW_Plot_27,primary,yes,TRUE,1,20,17,3.05,0.45,5,22,0,2
SavMon_LW_Plot_28,primary,yes,TRUE,1,19,12,1,0.89,8,20,1,1
SavMon_LW_Plot_29,primary,yes,TRUE,1,19,20,3.63,0.58,3,23,1,2
SavMon_LW_Plot_30,primary,yes,TRUE,1,19,17,3.53,0.42,7,24,1,8
SavMon_LW_Plot_46,backup,yes,TRUE,1,17,6,1.76,0.47,3,9,3,1
