plot_name,lon,lat,worst_severity,surveyed,plot_status,n_error,n_warning,n_info,accuracy_m
SavMon_LW_Plot_01,37.4002465,0.231357,warning,TRUE,primary,0,6,37,4.88
SavMon_LW_Plot_02,37.4064279,0.2339957,warning,TRUE,primary,0,4,29,4.933
SavMon_LW_Plot_03,37.4761667,0.2220752,warning,TRUE,primary,0,2,33,3.7
SavMon_LW_Plot_04,37.4359,0.2255211,warning,TRUE,primary,0,3,32,2.4
SavMon_LW_Plot_05,37.4891393,0.2729597,warning,TRUE,primary,0,9,17,4.6
SavMon_LW_Plot_06,37.3695558,0.2316303,warning,TRUE,primary,0,1,39,2.2
SavMon_LW_Plot_07,37.4294428,0.231629,warning,TRUE,primary,0,1,35,2.7
SavMon_LW_Plot_08,37.3593798,0.2277962,warning,TRUE,primary,0,3,46,4.2
SavMon_LW_Plot_09,37.488653,0.2423874,warning,TRUE,primary,0,4,29,2.65
SavMon_LW_Plot_10,37.4990876,0.219717,error,TRUE,primary,1,1,26,5
SavMon_LW_Plot_11,37.4665469,0.2222239,warning,TRUE,primary,0,3,20,3.25
SavMon_LW_Plot_12,37.3733041,0.2297991,warning,TRUE,primary,0,4,55,4.92
SavMon_LW_Plot_13,37.3968651,0.2342553,info,TRUE,primary,0,0,31,3.6
SavMon_LW_Plot_14,37.5026736,0.2208665,error,TRUE,primary,1,4,15,3.1
SavMon_LW_Plot_15,37.426248,0.2348451,error,TRUE,primary,1,4,19,4
SavMon_LW_Plot_16,37.4812757,0.2195439,warning,TRUE,primary,0,4,16,3.6
SavMon_LW_Plot_17,37.3828088,0.2325834,info,TRUE,primary,0,0,35,3.4
SavMon_LW_Plot_18,37.4391505,0.2225301,warning,TRUE,primary,0,3,17,2.65
SavMon_LW_Plot_19,37.4939803,0.2192015,error,TRUE,primary,1,3,14,3
SavMon_LW_Plot_20,37.4230384,0.2348023,warning,TRUE,primary,0,2,22,3.1
SavMon_LW_Plot_21,37.4568475,0.2256014,warning,TRUE,primary,0,4,30,4.4
SavMon_LW_Plot_22,37.4735576,0.2231524,warning,TRUE,primary,0,7,21,4.8
SavMon_LW_Plot_23,,,none,FALSE,primary,0,0,0,
SavMon_LW_Plot_24,37.4110213,0.23341,warning,TRUE,primary,0,2,30,3.15
SavMon_LW_Plot_25,37.4372432,0.2190427,warning,TRUE,primary,0,4,16,2.85
SavMon_LW_Plot_26,37.4882202,0.217605,warning,TRUE,primary,0,4,29,3.35
SavMon_LW_Plot_27,37.4913878,0.2176415,warning,TRUE,primary,0,2,15,3.2
SavMon_LW_Plot_28,37.4033147,0.234192,error,TRUE,primary,1,1,46,3
SavMon_LW_Plot_29,37.4607366,0.2267015,error,TRUE,primary,1,2,17,4.9
SavMon_LW_Plot_30,37.4966092,0.2207736,error,TRUE,primary,1,8,18,4.5
SavMon_LW_Plot_46,37.4967388,0.269311,error,TRUE,backup,3,1,12,3.15
