plot_name,n_quadrats,quadrats_required,quadrats_short,observed_richness,estimated_richness,estimated_lcl,estimated_ucl,sample_coverage,completeness,gain_last_quadrats,approaches_asymptote,estimate_status,estimate_note
SavMon_LW_Plot_01,20,20,0,24,40.06,28.3,83.88,0.78,0.6,3.35,FALSE,ok,
SavMon_LW_Plot_02,20,20,0,12,14.97,12.48,30.47,0.82,0.8,1.27,FALSE,ok,
SavMon_LW_Plot_03,20,20,0,7,14.6,7.94,68.7,0.77,0.48,1.07,FALSE,ok,
SavMon_LW_Plot_04,20,20,0,8,8.63,8.05,15.51,0.94,0.93,0.59,FALSE,ok,
SavMon_LW_Plot_05,20,20,0,13,51.48,18.97,261.12,0.72,0.25,2.28,FALSE,ok,
SavMon_LW_Plot_06,20,20,0,14,19.7,15.01,46.08,0.88,0.71,1.53,FALSE,ok,
SavMon_LW_Plot_07,20,20,0,8,8.12,8.01,10.83,0.98,0.99,0.37,TRUE,ok,
SavMon_LW_Plot_08,20,20,0,16,21.82,17.14,45.63,0.9,0.73,1.96,FALSE,ok,
SavMon_LW_Plot_09,20,20,0,19,34.2,21.86,99.7,0.89,0.56,2.15,FALSE,ok,
SavMon_LW_Plot_10,20,20,0,17,64.5,24.52,316.98,0.79,0.26,2.52,FALSE,ok,
SavMon_LW_Plot_11,20,20,0,20,25.82,21.14,49.63,0.88,0.77,1.9,FALSE,ok,
SavMon_LW_Plot_12,20,20,0,23,57.2,30.29,183.44,0.8,0.4,3.2,FALSE,ok,
SavMon_LW_Plot_13,20,20,0,8,8.95,8.09,18.61,0.95,0.89,0.6,FALSE,ok,
SavMon_LW_Plot_14,20,20,0,12,14.97,12.48,30.47,0.93,0.8,1.31,FALSE,ok,
SavMon_LW_Plot_15,20,20,0,15,30.83,18.53,85.97,0.6,0.49,2.63,FALSE,ok,
SavMon_LW_Plot_16,20,20,0,17,25.55,18.44,67.75,0.92,0.67,1.5,FALSE,ok,
SavMon_LW_Plot_17,20,20,0,13,18.94,13.92,51.26,0.89,0.69,1.35,FALSE,ok,
SavMon_LW_Plot_18,20,20,0,20,32.83,22.75,79.89,0.84,0.61,2.32,FALSE,ok,
SavMon_LW_Plot_19,20,20,0,16,31.2,18.86,96.7,0.84,0.51,2.1,FALSE,ok,
SavMon_LW_Plot_20,20,20,0,12,15.8,12.53,39.41,0.89,0.76,1.13,FALSE,ok,
SavMon_LW_Plot_21,20,20,0,21,40.24,24.77,119.15,0.86,0.52,2.37,FALSE,ok,
SavMon_LW_Plot_22,20,20,0,12,14.14,12.25,30.2,0.94,0.85,0.9,FALSE,ok,
SavMon_LW_Plot_24,20,20,0,7,21.25,10.15,71.45,0.41,0.33,1.5,FALSE,ok,
SavMon_LW_Plot_25,20,20,0,24,34.13,26.07,73.72,0.89,0.7,2.06,FALSE,ok,
SavMon_LW_Plot_26,20,20,0,12,12.47,12.04,18.02,0.96,0.96,0.75,TRUE,ok,
SavMon_LW_Plot_27,20,20,0,17,22.94,17.92,55.26,0.92,0.74,1.49,FALSE,ok,
SavMon_LW_Plot_28,20,20,0,13,32.24,16.77,111.15,0.56,0.4,2.16,FALSE,ok,
SavMon_LW_Plot_29,20,20,0,21,40.24,24.77,119.15,0.88,0.52,2.23,FALSE,ok,
SavMon_LW_Plot_30,20,20,0,18,52.2,27.75,137.96,0.87,0.34,2.16,FALSE,ok,
SavMon_LW_Plot_46,20,20,0,6,7.9,6.17,27.12,0.94,0.76,0.5,FALSE,ok,
