survey_key,plot_name,plot_status,review_state,survey_date,recorder,duration_min,n_quadrats,n_quadrats_with_species,richness,n_unknown_labels,richness_upper_bound,n_error,n_warning,n_info
uuid:599e04cf-832f-4535-8305-967918d12026,SavMon_LW_Plot_16,primary,,2026-05-27,Grace_Achieng,51.3,20,20,17,6,23,0,4,16
uuid:c6cc7231-7af6-4bc5-b281-565c53f21763,SavMon_LW_Plot_21,primary,rejected,2026-05-26,Samuel_Kiprotich,24.5,20,20,19,11,30,1,5,29
uuid:49d73df9-2d36-4a1e-aa29-6f94f23a7513,SavMon_LW_Plot_21,primary,,2026-05-26,Grace_Achieng,67.6,20,20,21,9,30,0,4,30
uuid:cf362fbc-991a-4db1-8d49-6c1d29fd49c8,SavMon_LW_Plot_18,primary,,2026-05-26,Grace_Achieng,53.5,20,20,20,8,28,0,3,17
uuid:9e1251bb-84c1-4b7a-a8bb-bafcf7afc82c,SavMon_LW_Plot_11,primary,,2026-05-26,Grace_Achieng,53.7,20,20,20,5,25,0,3,20
uuid:81e3bc36-700f-465d-a1aa-48ebed04a78c,SavMon_LW_Plot_18,primary,rejected,2026-05-26,Grace_Achieng,26,20,20,18,7,25,0,2,19
uuid:938c15e5-c942-49aa-8e6d-9633189870ff,SavMon_LW_Plot_29,primary,,2026-05-26,Samuel_Kiprotich,42.1,20,20,21,3,24,1,2,17
uuid:8e5f5c9d-d697-4358-b766-db4a41f28c3e,SavMon_LW_Plot_25,primary,,2026-05-25,Grace_Achieng,63.2,20,20,24,7,31,0,4,16
uuid:4137458f-31e5-4355-b4ad-47858fb11503,SavMon_LW_Plot_04,primary,,2026-05-25,Grace_Achieng,56.4,20,19,8,12,20,0,3,32
uuid:430e85a3-44ce-45f4-9974-c6a61569e78b,SavMon_LW_Plot_07,primary,,2026-05-24,Grace_Achieng,56.5,20,20,8,10,18,0,1,35
uuid:54452130-d92e-4996-a0d7-9401811b9ed7,SavMon_LW_Plot_15,primary,,2026-05-24,Grace_Achieng,60.2,20,20,15,7,22,1,4,19
uuid:b816a9b4-f338-432a-83d7-1cf354583f0f,SavMon_LW_Plot_20,primary,,2026-05-24,Grace_Achieng,54,20,20,12,5,17,0,2,22
uuid:ef5c5535-1739-481b-af66-71061de5dcd2,SavMon_LW_Plot_24,primary,,2026-05-24,Grace_Achieng,38,20,20,7,4,11,0,2,30
uuid:e63b6ad6-7893-4cca-a1db-00fbde18a2aa,SavMon_LW_Plot_02,primary,,2026-05-24,Grace_Achieng,100.3,20,19,12,7,19,0,4,29
uuid:c4ea3469-7e1c-474a-9ce6-fc1926e590e2,SavMon_LW_Plot_28,primary,,2026-05-23,Grace_Achieng,64.4,20,19,13,9,22,1,1,46
uuid:9fd08bb2-7c3f-49f5-8ad8-dd6f45da94da,SavMon_LW_Plot_01,primary,,2026-05-23,Grace_Achieng,69.6,20,20,24,8,32,0,6,37
uuid:ebe93f04-c927-4af3-9668-21b6540c01ea,SavMon_LW_Plot_13,primary,,2026-05-23,Grace_Achieng,70.4,20,20,8,4,12,0,0,31
uuid:b940a5e4-f4ed-4120-ba4e-70f858b86dfd,SavMon_LW_Plot_17,primary,,2026-05-23,Grace_Achieng,43.9,20,20,13,9,22,0,0,35
uuid:7ae61d55-3663-422e-aad2-9104b56c9a47,SavMon_LW_Plot_06,primary,,2026-05-23,Grace_Achieng,91.8,20,20,14,12,26,0,1,39
uuid:dae71a1b-a6f9-4a6d-a7e5-8ffbb89fad6f,SavMon_LW_Plot_46,backup,,2026-05-22,Grace_Achieng,33,20,20,6,3,9,3,1,12
uuid:9ec95900-d4e8-4825-be75-07834b98cc6c,SavMon_LW_Plot_19,primary,,2026-05-22,Grace_Achieng,60,20,19,16,3,19,1,3,14
uuid:c803a008-7014-4a4e-a485-68e1d90d767c,SavMon_LW_Plot_27,primary,,2026-05-22,Grace_Achieng,66.5,20,20,17,5,22,0,2,15
uuid:2439f628-f86d-4770-98d1-ae7b99a4d91f,SavMon_LW_Plot_26,primary,,2026-05-22,Grace_Achieng,109.8,20,20,12,11,23,0,4,29
uuid:5d242bf2-8888-4eb0-9082-431482177425,SavMon_LW_Plot_05,primary,,2026-05-22,Grace_Achieng,102.5,20,19,13,4,17,0,9,17
uuid:95cde0b4-8b49-4f5d-a3c7-6765e1c06466,SavMon_LW_Plot_09,primary,,2026-05-21,Grace_Achieng,81.7,20,20,19,10,29,0,4,29
uuid:fdf5f121-0a7f-4769-85bb-4717e0361eb4,SavMon_LW_Plot_14,primary,,2026-05-21,Grace_Achieng,57.5,20,20,12,7,19,1,4,15
uuid:3865525f-1d45-40fc-83ca-7e30fafe6b54,SavMon_LW_Plot_10,primary,,2026-05-21,Grace_Achieng,63.2,20,20,17,4,21,1,1,26
uuid:c17516f9-53dd-4fda-b4e6-e257068198b9,SavMon_LW_Plot_30,primary,,2026-05-21,Grace_Achieng,101.4,20,20,18,7,25,1,8,18
uuid:967cb42c-f21a-4ba6-92be-81cd6d2b0e8d,SavMon_LW_Plot_03,primary,,2026-05-20,Samuel_Kiprotich,58.7,20,18,7,8,15,0,2,33
uuid:ce4f999d-8849-42a9-a870-1205d47b1903,SavMon_LW_Plot_22,primary,,2026-05-20,Samuel_Kiprotich,73,20,20,12,9,21,0,7,21
uuid:e7de35f0-a715-47f1-885f-fd5a0d9a2907,SavMon_LW_Plot_12,primary,,2026-05-20,Samuel_Kiprotich,164.8,20,20,23,17,40,0,4,55
uuid:359a5da6-d237-4203-b838-8596bdbd4935,SavMon_LW_Plot_08,primary,,2026-05-19,Samuel_Kiprotich,236,20,20,16,15,31,0,3,46
